{
  "schema_version": 1,
  "node_features": [
    "log_e",
    "t",
    "x",
    "y",
    "r",
    "e_rel"
  ],
  "edge_features": [
    "dx",
    "dy",
    "d",
    "dt",
    "dlog_e",
    "asym_e",
    "logsum_e",
    "dr"
  ],
  "node_mean": [
    2.4069125652313232,
    834.6543579101562,
    -23.62708282470703,
    70.98532104492188,
    455.12542724609375,
    0.38432541489601135
  ],
  "node_std": [
    0.7527871131896973,
    390.6362609863281,
    325.2221374511719,
    315.6965026855469,
    62.38364028930664,
    0.29344040155410767
  ],
  "edge_mean": [
    0.0,
    0.0,
    95.80323791503906,
    0.0,
    0.0,
    0.0,
    3.102428674697876,
    0.0
  ],
  "edge_std": [
    108.05096435546875,
    107.51701354980469,
    118.56077575683594,
    4.873984336853027,
    1.2146189212799072,
    0.5318130850791931,
    0.6094895005226135,
    47.51533889770508
  ],
  "node_count": 348548,
  "edge_count": 831668
}
